imagem,metodo,limiar,FM,Precisao,Revocacao,PSNR,DRD
1,Global,0.5000,91.142,87.816,94.729,18.911,5.984
1,Otsu,0.4482,93.197,93.191,93.203,20.225,4.238
1,Local,0.7916,82.071,75.137,90.414,15.596,14.752
1,Sauvola,0.6677,91.493,92.559,90.451,19.304,5.504
2,Global,0.5000,78.288,98.875,64.796,21.207,6.211
2,Otsu,0.5149,79.688,98.465,66.925,21.433,5.856
2,Local,0.7977,58.790,47.199,77.930,16.378,26.841
2,Sauvola,0.6716,80.866,92.922,71.578,21.464,6.091
3,Global,0.5000,94.652,92.428,96.987,22.728,2.346
3,Otsu,0.4774,94.643,94.282,95.006,22.809,2.141
3,Local,0.8048,65.576,50.849,92.310,13.262,26.895
3,Sauvola,0.6790,88.175,82.926,94.134,19.104,6.299
4,Global,0.5000,81.358,95.268,70.993,17.361,7.105
4,Otsu,0.5741,85.813,89.841,82.131,18.146,5.954
4,Local,0.8342,80.773,81.222,80.328,16.659,9.578
4,Sauvola,0.7004,85.005,97.545,75.323,18.240,5.519
5,Global,0.5000,97.225,96.223,98.249,24.157,1.069
5,Otsu,0.4746,96.798,97.334,96.267,23.604,1.125
5,Local,0.8044,78.366,67.390,93.613,14.511,13.521
5,Sauvola,0.6787,93.488,91.671,95.379,20.411,2.875
6,Global,0.5000,86.613,93.040,81.016,18.004,5.582
6,Otsu,0.5355,88.199,91.404,85.210,18.411,5.196
6,Local,0.8331,65.784,53.111,86.400,12.455,26.221
6,Sauvola,0.7023,85.729,87.195,84.311,17.509,6.736
7,Global,0.5000,52.940,99.979,36.002,11.730,10.701
7,Otsu,0.6660,78.462,99.876,64.609,14.293,5.450
7,Local,0.8218,83.747,84.572,82.938,14.714,5.905
7,Sauvola,0.6942,77.064,99.892,62.729,14.070,5.744
8,Global,0.5000,23.047,96.751,13.081,9.009,22.664
8,Otsu,0.6694,76.179,62.430,97.695,10.562,16.681
8,Local,0.6892,74.592,74.581,74.604,11.362,13.369
8,Sauvola,0.5865,42.822,95.991,27.558,9.754,18.656
9,Global,0.5000,76.362,99.638,61.902,13.343,4.536
9,Otsu,0.6550,90.463,90.283,90.645,16.364,2.384
9,Local,0.7997,84.703,76.532,94.827,13.831,5.846
9,Sauvola,0.6808,90.814,96.856,85.482,16.799,2.035
10,Global,0.5000,83.874,73.578,97.521,12.596,5.267
10,Otsu,0.5121,81.988,70.275,98.386,11.978,6.216
10,Local,0.5912,77.622,66.022,94.166,10.988,9.285
10,Sauvola,0.5139,86.830,83.922,89.947,13.976,3.852
